activity_id,week,location_id,co_share_group
A031,1,PLAT:ALP:S06:WB,g1
A031,1,PLAT:ALP:S07:WB,g1
A031,1,PLAT:ALP:S08:WB,g1
A031,1,SEC:ALP:S06_S07:WB,g1
A031,1,SEC:ALP:S07_S08:WB,g1
A002,1,PLAT:BET:S11:WB,g2
A002,1,PLAT:BET:S12:WB,g2
A002,1,PLAT:BET:S13:WB,g2
A002,1,SEC:BET:S11_S12:WB,g2
A002,1,SEC:BET:S12_S13:WB,g2
A035,1,PLAT:ALP:S02:WB,g3
A035,1,PLAT:ALP:S03:WB,g3
A035,1,PLAT:ALP:S04:WB,g3
A035,1,SEC:ALP:S02_S03:WB,g3
A035,1,SEC:ALP:S03_S04:WB,g3
A048,1,PLAT:BET:S13:EB,g4
A048,1,PLAT:BET:S14:EB,g4
A048,1,SEC:BET:S13_S14:EB,g4
A012,2,PLAT:BET:H01:WB,g5
A012,2,PLAT:BET:H02:WB,g5
A012,2,PLAT:BET:S15:WB,g5
A012,2,SEC:BET:H01_H02:WB,g5
A012,2,SEC:BET:H02_S15:WB,g5
A009,2,PLAT:ALP:S05:EB,g6
A009,2,PLAT:ALP:S06:EB,g6
A009,2,SEC:ALP:S05_S06:EB,g6
A031,2,PLAT:ALP:S06:WB,g7
A031,2,PLAT:ALP:S07:WB,g7
A031,2,PLAT:ALP:S08:WB,g7
A031,2,SEC:ALP:S06_S07:WB,g7
A031,2,SEC:ALP:S07_S08:WB,g7
A058,2,PLAT:ALP:H01:WB,g8
A058,2,PLAT:ALP:H02:WB,g8
A058,2,PLAT:ALP:S03:WB,g8
A058,2,PLAT:ALP:S04:WB,g8
A058,2,SEC:ALP:H01_H02:WB,g8
A058,2,SEC:ALP:S03_S04:WB,g8
A058,2,SEC:ALP:S04_H01:WB,g8
A035,2,PLAT:ALP:S02:WB,g9
A035,2,PLAT:ALP:S03:WB,g9
A035,2,PLAT:ALP:S04:WB,g9
A035,2,SEC:ALP:S02_S03:WB,g9
A035,2,SEC:ALP:S03_S04:WB,g9
A048,2,PLAT:BET:S13:EB,g10
A048,2,PLAT:BET:S14:EB,g10
A048,2,SEC:BET:S13_S14:EB,g10
A021,3,PLAT:BET:S11:WB,g11
A021,3,PLAT:BET:S12:WB,g11
A021,3,PLAT:BET:S13:WB,g11
A021,3,SEC:BET:S11_S12:WB,g11
A021,3,SEC:BET:S12_S13:WB,g11
A012,3,PLAT:BET:H01:WB,g12
A012,3,PLAT:BET:H02:WB,g12
A012,3,PLAT:BET:S15:WB,g12
A012,3,SEC:BET:H01_H02:WB,g12
A012,3,SEC:BET:H02_S15:WB,g12
A009,3,PLAT:ALP:S05:EB,g13
A009,3,PLAT:ALP:S06:EB,g13
A009,3,SEC:ALP:S05_S06:EB,g13
A058,3,PLAT:ALP:H01:WB,g14
A058,3,PLAT:ALP:H02:WB,g14
A058,3,PLAT:ALP:S03:WB,g14
A058,3,PLAT:ALP:S04:WB,g14
A058,3,SEC:ALP:H01_H02:WB,g14
A058,3,SEC:ALP:S03_S04:WB,g14
A058,3,SEC:ALP:S04_H01:WB,g14
A035,3,PLAT:ALP:S02:WB,g15
A035,3,PLAT:ALP:S03:WB,g15
A035,3,PLAT:ALP:S04:WB,g15
A035,3,SEC:ALP:S02_S03:WB,g15
A035,3,SEC:ALP:S03_S04:WB,g15
A048,3,PLAT:BET:S13:EB,g16
A048,3,PLAT:BET:S14:EB,g16
A048,3,SEC:BET:S13_S14:EB,g16
A021,4,PLAT:BET:S11:WB,g17
A021,4,PLAT:BET:S12:WB,g17
A021,4,PLAT:BET:S13:WB,g17
A021,4,SEC:BET:S11_S12:WB,g17
A021,4,SEC:BET:S12_S13:WB,g17
A012,4,PLAT:BET:H01:WB,g18
A012,4,PLAT:BET:H02:WB,g18
A012,4,PLAT:BET:S15:WB,g18
A012,4,SEC:BET:H01_H02:WB,g18
A012,4,SEC:BET:H02_S15:WB,g18
A009,4,PLAT:ALP:S05:EB,g19
A009,4,PLAT:ALP:S06:EB,g19
A009,4,SEC:ALP:S05_S06:EB,g19
A061,4,PLAT:BET:H01:EB,g20
A061,4,PLAT:BET:H02:EB,g20
A061,4,PLAT:BET:S15:EB,g20
A061,4,SEC:BET:H01_H02:EB,g20
A061,4,SEC:BET:H02_S15:EB,g20
A058,4,PLAT:ALP:H01:WB,g21
A058,4,PLAT:ALP:H02:WB,g21
A058,4,PLAT:ALP:S03:WB,g21
A058,4,PLAT:ALP:S04:WB,g21
A058,4,SEC:ALP:H01_H02:WB,g21
A058,4,SEC:ALP:S03_S04:WB,g21
A058,4,SEC:ALP:S04_H01:WB,g21
A021,5,PLAT:BET:S11:WB,g22
A021,5,PLAT:BET:S12:WB,g22
A021,5,PLAT:BET:S13:WB,g22
A021,5,SEC:BET:S11_S12:WB,g22
A021,5,SEC:BET:S12_S13:WB,g22
A012,5,PLAT:BET:H01:WB,g23
A012,5,PLAT:BET:H02:WB,g23
A012,5,PLAT:BET:S15:WB,g23
A012,5,SEC:BET:H01_H02:WB,g23
A012,5,SEC:BET:H02_S15:WB,g23
A009,5,PLAT:ALP:S05:EB,g24
A009,5,PLAT:ALP:S06:EB,g24
A009,5,SEC:ALP:S05_S06:EB,g24
A061,5,PLAT:BET:H01:EB,g25
A061,5,PLAT:BET:H02:EB,g25
A061,5,PLAT:BET:S15:EB,g25
A061,5,SEC:BET:H01_H02:EB,g25
A061,5,SEC:BET:H02_S15:EB,g25
A058,5,PLAT:ALP:H01:WB,g26
A058,5,PLAT:ALP:H02:WB,g26
A058,5,PLAT:ALP:S03:WB,g26
A058,5,PLAT:ALP:S04:WB,g26
A058,5,SEC:ALP:H01_H02:WB,g26
A058,5,SEC:ALP:S03_S04:WB,g26
A058,5,SEC:ALP:S04_H01:WB,g26
A012,6,PLAT:BET:H01:WB,g27
A012,6,PLAT:BET:H02:WB,g27
A012,6,PLAT:BET:S15:WB,g27
A012,6,SEC:BET:H01_H02:WB,g27
A012,6,SEC:BET:H02_S15:WB,g27
A009,6,PLAT:ALP:S05:EB,g28
A009,6,PLAT:ALP:S06:EB,g28
A009,6,SEC:ALP:S05_S06:EB,g28
A061,6,PLAT:BET:H01:EB,g29
A061,6,PLAT:BET:H02:EB,g29
A061,6,PLAT:BET:S15:EB,g29
A061,6,SEC:BET:H01_H02:EB,g29
A061,6,SEC:BET:H02_S15:EB,g29
A058,6,PLAT:ALP:H01:WB,g30
A058,6,PLAT:ALP:H02:WB,g30
A058,6,PLAT:ALP:S03:WB,g30
A058,6,PLAT:ALP:S04:WB,g30
A058,6,SEC:ALP:H01_H02:WB,g30
A058,6,SEC:ALP:S03_S04:WB,g30
A058,6,SEC:ALP:S04_H01:WB,g30
A012,7,PLAT:BET:H01:WB,g31
A012,7,PLAT:BET:H02:WB,g31
A012,7,PLAT:BET:S15:WB,g31
A012,7,SEC:BET:H01_H02:WB,g31
A012,7,SEC:BET:H02_S15:WB,g31
A009,7,PLAT:ALP:S05:EB,g32
A009,7,PLAT:ALP:S06:EB,g32
A009,7,SEC:ALP:S05_S06:EB,g32
A061,7,PLAT:BET:H01:EB,g33
A061,7,PLAT:BET:H02:EB,g33
A061,7,PLAT:BET:S15:EB,g33
A061,7,SEC:BET:H01_H02:EB,g33
A061,7,SEC:BET:H02_S15:EB,g33
A058,7,PLAT:ALP:H01:WB,g34
A058,7,PLAT:ALP:H02:WB,g34
A058,7,PLAT:ALP:S03:WB,g34
A058,7,PLAT:ALP:S04:WB,g34
A058,7,SEC:ALP:H01_H02:WB,g34
A058,7,SEC:ALP:S03_S04:WB,g34
A058,7,SEC:ALP:S04_H01:WB,g34
A025,8,PLAT:ALP:S01:EB,g35
A025,8,PLAT:ALP:S02:EB,g35
A025,8,PLAT:ALP:S03:EB,g35
A025,8,SEC:ALP:S01_S02:EB,g35
A025,8,SEC:ALP:S02_S03:EB,g35
A012,8,PLAT:BET:H01:WB,g36
A012,8,PLAT:BET:H02:WB,g36
A012,8,PLAT:BET:S15:WB,g36
A012,8,SEC:BET:H01_H02:WB,g36
A012,8,SEC:BET:H02_S15:WB,g36
A009,8,PLAT:ALP:S05:EB,g37
A009,8,PLAT:ALP:S06:EB,g37
A009,8,SEC:ALP:S05_S06:EB,g37
A061,8,PLAT:BET:H01:EB,g38
A061,8,PLAT:BET:H02:EB,g38
A061,8,PLAT:BET:S15:EB,g38
A061,8,SEC:BET:H01_H02:EB,g38
A061,8,SEC:BET:H02_S15:EB,g38
A058,8,PLAT:ALP:H01:WB,g39
A058,8,PLAT:ALP:H02:WB,g39
A058,8,PLAT:ALP:S03:WB,g39
A058,8,PLAT:ALP:S04:WB,g39
A058,8,SEC:ALP:H01_H02:WB,g39
A058,8,SEC:ALP:S03_S04:WB,g39
A058,8,SEC:ALP:S04_H01:WB,g39
A037,8,PLAT:BET:S15:EB,g40
A037,8,PLAT:BET:S16:EB,g40
A037,8,PLAT:BET:S17:EB,g40
A037,8,SEC:BET:S15_S16:EB,g40
A037,8,SEC:BET:S16_S17:EB,g40
A039,8,PLAT:BET:S11:WB,g41
A039,8,PLAT:BET:S12:WB,g41
A039,8,PLAT:BET:S13:WB,g41
A039,8,PLAT:BET:S14:WB,g41
A039,8,SEC:BET:S11_S12:WB,g41
A039,8,SEC:BET:S12_S13:WB,g41
A039,8,SEC:BET:S13_S14:WB,g41
A046,9,PLAT:ALP:S05:WB,g42
A046,9,PLAT:ALP:S06:WB,g42
A046,9,SEC:ALP:S05_S06:WB,g42
A025,9,PLAT:ALP:S01:EB,g43
A025,9,PLAT:ALP:S02:EB,g43
A025,9,PLAT:ALP:S03:EB,g43
A025,9,SEC:ALP:S01_S02:EB,g43
A025,9,SEC:ALP:S02_S03:EB,g43
A069,9,PLAT:ALP:H01:WB,g44
A069,9,PLAT:ALP:H02:WB,g44
A069,9,PLAT:ALP:S03:WB,g44
A069,9,PLAT:ALP:S04:WB,g44
A069,9,SEC:ALP:H01_H02:WB,g44
A069,9,SEC:ALP:S03_S04:WB,g44
A069,9,SEC:ALP:S04_H01:WB,g44
A028,9,PLAT:ALP:H01:EB,g45
A028,9,PLAT:ALP:S03:EB,g45
A028,9,PLAT:ALP:S04:EB,g45
A028,9,SEC:ALP:S03_S04:EB,g45
A028,9,SEC:ALP:S04_H01:EB,g45
A061,9,PLAT:BET:H01:EB,g46
A061,9,PLAT:BET:H02:EB,g46
A061,9,PLAT:BET:S15:EB,g46
A061,9,SEC:BET:H01_H02:EB,g46
A061,9,SEC:BET:H02_S15:EB,g46
A037,9,PLAT:BET:S15:EB,g47
A037,9,PLAT:BET:S16:EB,g47
A037,9,PLAT:BET:S17:EB,g47
A037,9,SEC:BET:S15_S16:EB,g47
A037,9,SEC:BET:S16_S17:EB,g47
A039,9,PLAT:BET:S11:WB,g48
A039,9,PLAT:BET:S12:WB,g48
A039,9,PLAT:BET:S13:WB,g48
A039,9,PLAT:BET:S14:WB,g48
A039,9,SEC:BET:S11_S12:WB,g48
A039,9,SEC:BET:S12_S13:WB,g48
A039,9,SEC:BET:S13_S14:WB,g48
A049,9,PLAT:BET:H02:WB,g49
A049,9,PLAT:BET:S15:WB,g49
A049,9,PLAT:BET:S16:WB,g49
A049,9,SEC:BET:H02_S15:WB,g49
A049,9,SEC:BET:S15_S16:WB,g49
A046,10,PLAT:ALP:S05:WB,g50
A046,10,PLAT:ALP:S06:WB,g50
A046,10,SEC:ALP:S05_S06:WB,g50
A025,10,PLAT:ALP:S01:EB,g51
A025,10,PLAT:ALP:S02:EB,g51
A025,10,PLAT:ALP:S03:EB,g51
A025,10,SEC:ALP:S01_S02:EB,g51
A025,10,SEC:ALP:S02_S03:EB,g51
A069,10,PLAT:ALP:H01:WB,g52
A069,10,PLAT:ALP:H02:WB,g52
A069,10,PLAT:ALP:S03:WB,g52
A069,10,PLAT:ALP:S04:WB,g52
A069,10,SEC:ALP:H01_H02:WB,g52
A069,10,SEC:ALP:S03_S04:WB,g52
A069,10,SEC:ALP:S04_H01:WB,g52
A028,10,PLAT:ALP:H01:EB,g53
A028,10,PLAT:ALP:S03:EB,g53
A028,10,PLAT:ALP:S04:EB,g53
A028,10,SEC:ALP:S03_S04:EB,g53
A028,10,SEC:ALP:S04_H01:EB,g53
A061,10,PLAT:BET:H01:EB,g54
A061,10,PLAT:BET:H02:EB,g54
A061,10,PLAT:BET:S15:EB,g54
A061,10,SEC:BET:H01_H02:EB,g54
A061,10,SEC:BET:H02_S15:EB,g54
A039,10,PLAT:BET:S11:WB,g55
A039,10,PLAT:BET:S12:WB,g55
A039,10,PLAT:BET:S13:WB,g55
A039,10,PLAT:BET:S14:WB,g55
A039,10,SEC:BET:S11_S12:WB,g55
A039,10,SEC:BET:S12_S13:WB,g55
A039,10,SEC:BET:S13_S14:WB,g55
A038,10,PLAT:BET:S17:EB,g56
A038,10,PLAT:BET:S18:EB,g56
A038,10,SEC:BET:S17_S18:EB,g56
A049,10,PLAT:BET:H02:WB,g57
A049,10,PLAT:BET:S15:WB,g57
A049,10,PLAT:BET:S16:WB,g57
A049,10,SEC:BET:H02_S15:WB,g57
A049,10,SEC:BET:S15_S16:WB,g57
A019,11,PLAT:BET:S16:EB,g58
A019,11,PLAT:BET:S17:EB,g58
A019,11,SEC:BET:S16_S17:EB,g58
A041,11,PLAT:BET:S15:EB,g59
A041,11,PLAT:BET:S16:EB,g59
A041,11,SEC:BET:S15_S16:EB,g59
A046,11,PLAT:ALP:S05:WB,g60
A046,11,PLAT:ALP:S06:WB,g60
A046,11,SEC:ALP:S05_S06:WB,g60
A025,11,PLAT:ALP:S01:EB,g61
A025,11,PLAT:ALP:S02:EB,g61
A025,11,PLAT:ALP:S03:EB,g61
A025,11,SEC:ALP:S01_S02:EB,g61
A025,11,SEC:ALP:S02_S03:EB,g61
A070,11,PLAT:ALP:H01:WB,g62
A070,11,PLAT:ALP:S03:WB,g62
A070,11,PLAT:ALP:S04:WB,g62
A070,11,SEC:ALP:S03_S04:WB,g62
A070,11,SEC:ALP:S04_H01:WB,g62
A063,11,PLAT:BET:H01:EB,g63
A063,11,PLAT:BET:H02:EB,g63
A063,11,PLAT:BET:S14:EB,g63
A063,11,SEC:BET:H01_H02:EB,g63
A063,11,SEC:BET:S14_H01:EB,g63
A039,11,PLAT:BET:S11:WB,g64
A039,11,PLAT:BET:S12:WB,g64
A039,11,PLAT:BET:S13:WB,g64
A039,11,PLAT:BET:S14:WB,g64
A039,11,SEC:BET:S11_S12:WB,g64
A039,11,SEC:BET:S12_S13:WB,g64
A039,11,SEC:BET:S13_S14:WB,g64
A038,11,PLAT:BET:S17:EB,g65
A038,11,PLAT:BET:S18:EB,g65
A038,11,SEC:BET:S17_S18:EB,g65
A049,11,PLAT:BET:H02:WB,g66
A049,11,PLAT:BET:S15:WB,g66
A049,11,PLAT:BET:S16:WB,g66
A049,11,SEC:BET:H02_S15:WB,g66
A049,11,SEC:BET:S15_S16:WB,g66
A019,12,PLAT:BET:S16:EB,g67
A019,12,PLAT:BET:S17:EB,g67
A019,12,SEC:BET:S16_S17:EB,g67
A041,12,PLAT:BET:S15:EB,g68
A041,12,PLAT:BET:S16:EB,g68
A041,12,SEC:BET:S15_S16:EB,g68
A046,12,PLAT:ALP:S05:WB,g69
A046,12,PLAT:ALP:S06:WB,g69
A046,12,SEC:ALP:S05_S06:WB,g69
A025,12,PLAT:ALP:S01:EB,g70
A025,12,PLAT:ALP:S02:EB,g70
A025,12,PLAT:ALP:S03:EB,g70
A025,12,SEC:ALP:S01_S02:EB,g70
A025,12,SEC:ALP:S02_S03:EB,g70
A070,12,PLAT:ALP:H01:WB,g71
A070,12,PLAT:ALP:S03:WB,g71
A070,12,PLAT:ALP:S04:WB,g71
A070,12,SEC:ALP:S03_S04:WB,g71
A070,12,SEC:ALP:S04_H01:WB,g71
A039,12,PLAT:BET:S11:WB,g72
A039,12,PLAT:BET:S12:WB,g72
A039,12,PLAT:BET:S13:WB,g72
A039,12,PLAT:BET:S14:WB,g72
A039,12,SEC:BET:S11_S12:WB,g72
A039,12,SEC:BET:S12_S13:WB,g72
A039,12,SEC:BET:S13_S14:WB,g72
A038,12,PLAT:BET:S17:EB,g73
A038,12,PLAT:BET:S18:EB,g73
A038,12,SEC:BET:S17_S18:EB,g73
A049,12,PLAT:BET:H02:WB,g74
A049,12,PLAT:BET:S15:WB,g74
A049,12,PLAT:BET:S16:WB,g74
A049,12,SEC:BET:H02_S15:WB,g74
A049,12,SEC:BET:S15_S16:WB,g74
A020,13,PLAT:ALP:H01:WB,g75
A020,13,PLAT:ALP:H02:WB,g75
A020,13,PLAT:ALP:S04:WB,g75
A020,13,PLAT:ALP:S05:WB,g75
A020,13,SEC:ALP:H01_H02:WB,g75
A020,13,SEC:ALP:H02_S05:WB,g75
A020,13,SEC:ALP:S04_H01:WB,g75
A014,13,PLAT:ALP:S07:EB,g76
A014,13,PLAT:ALP:S08:EB,g76
A014,13,SEC:ALP:S07_S08:EB,g76
A040,13,PLAT:BET:H01:EB,g77
A040,13,PLAT:BET:H02:EB,g77
A040,13,PLAT:BET:S15:EB,g77
A040,13,PLAT:BET:S16:EB,g77
A040,13,SEC:BET:H01_H02:EB,g77
A040,13,SEC:BET:H02_S15:EB,g77
A040,13,SEC:BET:S15_S16:EB,g77
A046,13,PLAT:ALP:S05:WB,g78
A046,13,PLAT:ALP:S06:WB,g78
A046,13,SEC:ALP:S05_S06:WB,g78
A025,13,PLAT:ALP:S01:EB,g79
A025,13,PLAT:ALP:S02:EB,g79
A025,13,PLAT:ALP:S03:EB,g79
A025,13,SEC:ALP:S01_S02:EB,g79
A025,13,SEC:ALP:S02_S03:EB,g79
A039,13,PLAT:BET:S11:WB,g80
A039,13,PLAT:BET:S12:WB,g80
A039,13,PLAT:BET:S13:WB,g80
A039,13,PLAT:BET:S14:WB,g80
A039,13,SEC:BET:S11_S12:WB,g80
A039,13,SEC:BET:S12_S13:WB,g80
A039,13,SEC:BET:S13_S14:WB,g80
A049,13,PLAT:BET:H02:WB,g81
A049,13,PLAT:BET:S15:WB,g81
A049,13,PLAT:BET:S16:WB,g81
A049,13,SEC:BET:H02_S15:WB,g81
A049,13,SEC:BET:S15_S16:WB,g81
A047,13,PLAT:ALP:H02:EB,g82
A047,13,PLAT:ALP:S05:EB,g82
A047,13,PLAT:ALP:S06:EB,g82
A047,13,SEC:ALP:H02_S05:EB,g82
A047,13,SEC:ALP:S05_S06:EB,g82
A020,14,PLAT:ALP:H01:WB,g83
A020,14,PLAT:ALP:H02:WB,g83
A020,14,PLAT:ALP:S04:WB,g83
A020,14,PLAT:ALP:S05:WB,g83
A020,14,SEC:ALP:H01_H02:WB,g83
A020,14,SEC:ALP:H02_S05:WB,g83
A020,14,SEC:ALP:S04_H01:WB,g83
A014,14,PLAT:ALP:S07:EB,g84
A014,14,PLAT:ALP:S08:EB,g84
A014,14,SEC:ALP:S07_S08:EB,g84
A040,14,PLAT:BET:H01:EB,g85
A040,14,PLAT:BET:H02:EB,g85
A040,14,PLAT:BET:S15:EB,g85
A040,14,PLAT:BET:S16:EB,g85
A040,14,SEC:BET:H01_H02:EB,g85
A040,14,SEC:BET:H02_S15:EB,g85
A040,14,SEC:BET:S15_S16:EB,g85
A025,14,PLAT:ALP:S01:EB,g86
A025,14,PLAT:ALP:S02:EB,g86
A025,14,PLAT:ALP:S03:EB,g86
A025,14,SEC:ALP:S01_S02:EB,g86
A025,14,SEC:ALP:S02_S03:EB,g86
A059,14,PLAT:ALP:S06:WB,g87
A059,14,PLAT:ALP:S07:WB,g87
A059,14,PLAT:ALP:S08:WB,g87
A059,14,SEC:ALP:S06_S07:WB,g87
A059,14,SEC:ALP:S07_S08:WB,g87
A039,14,PLAT:BET:S11:WB,g88
A039,14,PLAT:BET:S12:WB,g88
A039,14,PLAT:BET:S13:WB,g88
A039,14,PLAT:BET:S14:WB,g88
A039,14,SEC:BET:S11_S12:WB,g88
A039,14,SEC:BET:S12_S13:WB,g88
A039,14,SEC:BET:S13_S14:WB,g88
A047,14,PLAT:ALP:H02:EB,g89
A047,14,PLAT:ALP:S05:EB,g89
A047,14,PLAT:ALP:S06:EB,g89
A047,14,SEC:ALP:H02_S05:EB,g89
A047,14,SEC:ALP:S05_S06:EB,g89
A014,15,PLAT:ALP:S07:EB,g90
A014,15,PLAT:ALP:S08:EB,g90
A014,15,SEC:ALP:S07_S08:EB,g90
A040,15,PLAT:BET:H01:EB,g91
A040,15,PLAT:BET:H02:EB,g91
A040,15,PLAT:BET:S15:EB,g91
A040,15,PLAT:BET:S16:EB,g91
A040,15,SEC:BET:H01_H02:EB,g91
A040,15,SEC:BET:H02_S15:EB,g91
A040,15,SEC:BET:S15_S16:EB,g91
A011,15,PLAT:BET:S15:EB,g92
A011,15,PLAT:BET:S16:EB,g92
A011,15,PLAT:BET:S17:EB,g92
A011,15,SEC:BET:S15_S16:EB,g92
A011,15,SEC:BET:S16_S17:EB,g92
A070,15,PLAT:ALP:H01:WB,g93
A070,15,PLAT:ALP:S03:WB,g93
A070,15,PLAT:ALP:S04:WB,g93
A070,15,SEC:ALP:S03_S04:WB,g93
A070,15,SEC:ALP:S04_H01:WB,g93
A059,15,PLAT:ALP:S06:WB,g94
A059,15,PLAT:ALP:S07:WB,g94
A059,15,PLAT:ALP:S08:WB,g94
A059,15,SEC:ALP:S06_S07:WB,g94
A059,15,SEC:ALP:S07_S08:WB,g94
A014,16,PLAT:ALP:S07:EB,g95
A014,16,PLAT:ALP:S08:EB,g95
A014,16,SEC:ALP:S07_S08:EB,g95
A040,16,PLAT:BET:H01:EB,g96
A040,16,PLAT:BET:H02:EB,g96
A040,16,PLAT:BET:S15:EB,g96
A040,16,PLAT:BET:S16:EB,g96
A040,16,SEC:BET:H01_H02:EB,g96
A040,16,SEC:BET:H02_S15:EB,g96
A040,16,SEC:BET:S15_S16:EB,g96
A008,16,PLAT:BET:S17:EB,g97
A008,16,PLAT:BET:S18:EB,g97
A008,16,SEC:BET:S17_S18:EB,g97
A011,16,PLAT:BET:S15:EB,g98
A011,16,PLAT:BET:S16:EB,g98
A011,16,PLAT:BET:S17:EB,g98
A011,16,SEC:BET:S15_S16:EB,g98
A011,16,SEC:BET:S16_S17:EB,g98
A070,16,PLAT:ALP:H01:WB,g99
A070,16,PLAT:ALP:S03:WB,g99
A070,16,PLAT:ALP:S04:WB,g99
A070,16,SEC:ALP:S03_S04:WB,g99
A070,16,SEC:ALP:S04_H01:WB,g99
A059,16,PLAT:ALP:S06:WB,g100
A059,16,PLAT:ALP:S07:WB,g100
A059,16,PLAT:ALP:S08:WB,g100
A059,16,SEC:ALP:S06_S07:WB,g100
A059,16,SEC:ALP:S07_S08:WB,g100
A064,16,PLAT:BET:S15:WB,g101
A064,16,PLAT:BET:S16:WB,g101
A064,16,SEC:BET:S15_S16:WB,g101
A017,17,PLAT:BET:H01:EB,g102
A017,17,PLAT:BET:H02:EB,g102
A017,17,PLAT:BET:S15:EB,g102
A017,17,PLAT:BET:S16:EB,g102
A017,17,SEC:BET:H01_H02:EB,g102
A017,17,SEC:BET:H02_S15:EB,g102
A017,17,SEC:BET:S15_S16:EB,g102
A014,17,PLAT:ALP:S07:EB,g103
A014,17,PLAT:ALP:S08:EB,g103
A014,17,SEC:ALP:S07_S08:EB,g103
A008,17,PLAT:BET:S17:EB,g104
A008,17,PLAT:BET:S18:EB,g104
A008,17,SEC:BET:S17_S18:EB,g104
A070,17,PLAT:ALP:H01:WB,g105
A070,17,PLAT:ALP:S03:WB,g105
A070,17,PLAT:ALP:S04:WB,g105
A070,17,SEC:ALP:S03_S04:WB,g105
A070,17,SEC:ALP:S04_H01:WB,g105
A071,17,PLAT:BET:S15:EB,g106
A071,17,PLAT:BET:S16:EB,g106
A071,17,PLAT:BET:S17:EB,g106
A071,17,SEC:BET:S15_S16:EB,g106
A071,17,SEC:BET:S16_S17:EB,g106
A059,17,PLAT:ALP:S06:WB,g107
A059,17,PLAT:ALP:S07:WB,g107
A059,17,PLAT:ALP:S08:WB,g107
A059,17,SEC:ALP:S06_S07:WB,g107
A059,17,SEC:ALP:S07_S08:WB,g107
A054,17,PLAT:ALP:H01:EB,g108
A054,17,PLAT:ALP:H02:EB,g108
A054,17,PLAT:ALP:S04:EB,g108
A054,17,PLAT:ALP:S05:EB,g108
A054,17,SEC:ALP:H01_H02:EB,g108
A054,17,SEC:ALP:H02_S05:EB,g108
A054,17,SEC:ALP:S04_H01:EB,g108
A017,18,PLAT:BET:H01:EB,g109
A017,18,PLAT:BET:H02:EB,g109
A017,18,PLAT:BET:S15:EB,g109
A017,18,PLAT:BET:S16:EB,g109
A017,18,SEC:BET:H01_H02:EB,g109
A017,18,SEC:BET:H02_S15:EB,g109
A017,18,SEC:BET:S15_S16:EB,g109
A014,18,PLAT:ALP:S07:EB,g110
A014,18,PLAT:ALP:S08:EB,g110
A014,18,SEC:ALP:S07_S08:EB,g110
A008,18,PLAT:BET:S17:EB,g111
A008,18,PLAT:BET:S18:EB,g111
A008,18,SEC:BET:S17_S18:EB,g111
A059,18,PLAT:ALP:S06:WB,g112
A059,18,PLAT:ALP:S07:WB,g112
A059,18,PLAT:ALP:S08:WB,g112
A059,18,SEC:ALP:S06_S07:WB,g112
A059,18,SEC:ALP:S07_S08:WB,g112
A006,18,PLAT:ALP:H01:WB,g113
A006,18,PLAT:ALP:H02:WB,g113
A006,18,PLAT:ALP:S03:WB,g113
A006,18,PLAT:ALP:S04:WB,g113
A006,18,SEC:ALP:H01_H02:WB,g113
A006,18,SEC:ALP:S03_S04:WB,g113
A006,18,SEC:ALP:S04_H01:WB,g113
A054,18,PLAT:ALP:H01:EB,g114
A054,18,PLAT:ALP:H02:EB,g114
A054,18,PLAT:ALP:S04:EB,g114
A054,18,PLAT:ALP:S05:EB,g114
A054,18,SEC:ALP:H01_H02:EB,g114
A054,18,SEC:ALP:H02_S05:EB,g114
A054,18,SEC:ALP:S04_H01:EB,g114
A017,19,PLAT:BET:H01:EB,g115
A017,19,PLAT:BET:H02:EB,g115
A017,19,PLAT:BET:S15:EB,g115
A017,19,PLAT:BET:S16:EB,g115
A017,19,SEC:BET:H01_H02:EB,g115
A017,19,SEC:BET:H02_S15:EB,g115
A017,19,SEC:BET:S15_S16:EB,g115
A014,19,PLAT:ALP:S07:EB,g116
A014,19,PLAT:ALP:S08:EB,g116
A014,19,SEC:ALP:S07_S08:EB,g116
A074,19,PLAT:ALP:H01:EB,g117
A074,19,PLAT:ALP:H02:EB,g117
A074,19,SEC:ALP:H01_H02:EB,g117
A008,19,PLAT:BET:S17:EB,g118
A008,19,PLAT:BET:S18:EB,g118
A008,19,SEC:BET:S17_S18:EB,g118
A065,19,PLAT:BET:S12:WB,g119
A065,19,PLAT:BET:S13:WB,g119
A065,19,SEC:BET:S12_S13:WB,g119
A059,19,PLAT:ALP:S06:WB,g120
A059,19,PLAT:ALP:S07:WB,g120
A059,19,PLAT:ALP:S08:WB,g120
A059,19,SEC:ALP:S06_S07:WB,g120
A059,19,SEC:ALP:S07_S08:WB,g120
A006,19,PLAT:ALP:H01:WB,g121
A006,19,PLAT:ALP:H02:WB,g121
A006,19,PLAT:ALP:S03:WB,g121
A006,19,PLAT:ALP:S04:WB,g121
A006,19,SEC:ALP:H01_H02:WB,g121
A006,19,SEC:ALP:S03_S04:WB,g121
A006,19,SEC:ALP:S04_H01:WB,g121
A017,20,PLAT:BET:H01:EB,g122
A017,20,PLAT:BET:H02:EB,g122
A017,20,PLAT:BET:S15:EB,g122
A017,20,PLAT:BET:S16:EB,g122
A017,20,SEC:BET:H01_H02:EB,g122
A017,20,SEC:BET:H02_S15:EB,g122
A017,20,SEC:BET:S15_S16:EB,g122
A008,20,PLAT:BET:S17:EB,g123
A008,20,PLAT:BET:S18:EB,g123
A008,20,SEC:BET:S17_S18:EB,g123
A059,20,PLAT:ALP:S06:WB,g124
A059,20,PLAT:ALP:S07:WB,g124
A059,20,PLAT:ALP:S08:WB,g124
A059,20,SEC:ALP:S06_S07:WB,g124
A059,20,SEC:ALP:S07_S08:WB,g124
A056,20,PLAT:ALP:H02:WB,g125
A056,20,PLAT:ALP:S05:WB,g125
A056,20,PLAT:ALP:S06:WB,g125
A056,20,PLAT:ALP:S07:WB,g125
A056,20,SEC:ALP:H02_S05:WB,g125
A056,20,SEC:ALP:S05_S06:WB,g125
A056,20,SEC:ALP:S06_S07:WB,g125
A050,20,PLAT:ALP:H01:WB,g126
A050,20,PLAT:ALP:S03:WB,g126
A050,20,PLAT:ALP:S04:WB,g126
A050,20,SEC:ALP:S03_S04:WB,g126
A050,20,SEC:ALP:S04_H01:WB,g126
A017,21,PLAT:BET:H01:EB,g127
A017,21,PLAT:BET:H02:EB,g127
A017,21,PLAT:BET:S15:EB,g127
A017,21,PLAT:BET:S16:EB,g127
A017,21,SEC:BET:H01_H02:EB,g127
A017,21,SEC:BET:H02_S15:EB,g127
A017,21,SEC:BET:S15_S16:EB,g127
A023,21,PLAT:ALP:S03:WB,g128
A023,21,PLAT:ALP:S04:WB,g128
A023,21,SEC:ALP:S03_S04:WB,g128
A013,21,PLAT:ALP:S05:WB,g129
A013,21,PLAT:ALP:S06:WB,g129
A013,21,SEC:ALP:S05_S06:WB,g129
A001,21,PLAT:BET:S15:EB,g130
A001,21,PLAT:BET:S16:EB,g130
A001,21,PLAT:BET:S17:EB,g130
A001,21,SEC:BET:S15_S16:EB,g130
A001,21,SEC:BET:S16_S17:EB,g130
A056,21,PLAT:ALP:H02:WB,g131
A056,21,PLAT:ALP:S05:WB,g131
A056,21,PLAT:ALP:S06:WB,g131
A056,21,PLAT:ALP:S07:WB,g131
A056,21,SEC:ALP:H02_S05:WB,g131
A056,21,SEC:ALP:S05_S06:WB,g131
A056,21,SEC:ALP:S06_S07:WB,g131
A050,21,PLAT:ALP:H01:WB,g132
A050,21,PLAT:ALP:S03:WB,g132
A050,21,PLAT:ALP:S04:WB,g132
A050,21,SEC:ALP:S03_S04:WB,g132
A050,21,SEC:ALP:S04_H01:WB,g132
A017,22,PLAT:BET:H01:EB,g133
A017,22,PLAT:BET:H02:EB,g133
A017,22,PLAT:BET:S15:EB,g133
A017,22,PLAT:BET:S16:EB,g133
A017,22,SEC:BET:H01_H02:EB,g133
A017,22,SEC:BET:H02_S15:EB,g133
A017,22,SEC:BET:S15_S16:EB,g133
A023,22,PLAT:ALP:S03:WB,g134
A023,22,PLAT:ALP:S04:WB,g134
A023,22,SEC:ALP:S03_S04:WB,g134
A013,22,PLAT:ALP:S05:WB,g135
A013,22,PLAT:ALP:S06:WB,g135
A013,22,SEC:ALP:S05_S06:WB,g135
A001,22,PLAT:BET:S15:EB,g136
A001,22,PLAT:BET:S16:EB,g136
A001,22,PLAT:BET:S17:EB,g136
A001,22,SEC:BET:S15_S16:EB,g136
A001,22,SEC:BET:S16_S17:EB,g136
A017,23,PLAT:BET:H01:EB,g137
A017,23,PLAT:BET:H02:EB,g137
A017,23,PLAT:BET:S15:EB,g137
A017,23,PLAT:BET:S16:EB,g137
A017,23,SEC:BET:H01_H02:EB,g137
A017,23,SEC:BET:H02_S15:EB,g137
A017,23,SEC:BET:S15_S16:EB,g137
A042,23,PLAT:BET:S15:EB,g138
A042,23,PLAT:BET:S16:EB,g138
A042,23,PLAT:BET:S17:EB,g138
A042,23,PLAT:BET:S18:EB,g138
A042,23,SEC:BET:S15_S16:EB,g138
A042,23,SEC:BET:S16_S17:EB,g138
A042,23,SEC:BET:S17_S18:EB,g138
A072,23,PLAT:ALP:H01:EB,g139
A072,23,PLAT:ALP:H02:EB,g139
A072,23,PLAT:ALP:S04:EB,g139
A072,23,SEC:ALP:H01_H02:EB,g139
A072,23,SEC:ALP:S04_H01:EB,g139
A023,23,PLAT:ALP:S03:WB,g140
A023,23,PLAT:ALP:S04:WB,g140
A023,23,SEC:ALP:S03_S04:WB,g140
A013,23,PLAT:ALP:S05:WB,g141
A013,23,PLAT:ALP:S06:WB,g141
A013,23,SEC:ALP:S05_S06:WB,g141
A040,24,PLAT:BET:H01:EB,g142
A040,24,PLAT:BET:H02:EB,g142
A040,24,PLAT:BET:S15:EB,g142
A040,24,PLAT:BET:S16:EB,g142
A040,24,SEC:BET:H01_H02:EB,g142
A040,24,SEC:BET:H02_S15:EB,g142
A040,24,SEC:BET:S15_S16:EB,g142
A042,24,PLAT:BET:S15:EB,g143
A042,24,PLAT:BET:S16:EB,g143
A042,24,PLAT:BET:S17:EB,g143
A042,24,PLAT:BET:S18:EB,g143
A042,24,SEC:BET:S15_S16:EB,g143
A042,24,SEC:BET:S16_S17:EB,g143
A042,24,SEC:BET:S17_S18:EB,g143
A023,24,PLAT:ALP:S03:WB,g144
A023,24,PLAT:ALP:S04:WB,g144
A023,24,SEC:ALP:S03_S04:WB,g144
A013,24,PLAT:ALP:S05:WB,g145
A013,24,PLAT:ALP:S06:WB,g145
A013,24,SEC:ALP:S05_S06:WB,g145
A075,24,PLAT:BET:H01:WB,g146
A075,24,PLAT:BET:H02:WB,g146
A075,24,SEC:BET:H01_H02:WB,g146
A040,25,PLAT:BET:H01:EB,g147
A040,25,PLAT:BET:H02:EB,g147
A040,25,PLAT:BET:S15:EB,g147
A040,25,PLAT:BET:S16:EB,g147
A040,25,SEC:BET:H01_H02:EB,g147
A040,25,SEC:BET:H02_S15:EB,g147
A040,25,SEC:BET:S15_S16:EB,g147
A042,25,PLAT:BET:S15:EB,g148
A042,25,PLAT:BET:S16:EB,g148
A042,25,PLAT:BET:S17:EB,g148
A042,25,PLAT:BET:S18:EB,g148
A042,25,SEC:BET:S15_S16:EB,g148
A042,25,SEC:BET:S16_S17:EB,g148
A042,25,SEC:BET:S17_S18:EB,g148
A023,25,PLAT:ALP:S03:WB,g149
A023,25,PLAT:ALP:S04:WB,g149
A023,25,SEC:ALP:S03_S04:WB,g149
A013,25,PLAT:ALP:S05:WB,g150
A013,25,PLAT:ALP:S06:WB,g150
A013,25,SEC:ALP:S05_S06:WB,g150
A066,25,PLAT:ALP:H01:WB,g151
A066,25,PLAT:ALP:S02:WB,g151
A066,25,PLAT:ALP:S03:WB,g151
A066,25,PLAT:ALP:S04:WB,g151
A066,25,SEC:ALP:S02_S03:WB,g151
A066,25,SEC:ALP:S03_S04:WB,g151
A066,25,SEC:ALP:S04_H01:WB,g151
A040,26,PLAT:BET:H01:EB,g152
A040,26,PLAT:BET:H02:EB,g152
A040,26,PLAT:BET:S15:EB,g152
A040,26,PLAT:BET:S16:EB,g152
A040,26,SEC:BET:H01_H02:EB,g152
A040,26,SEC:BET:H02_S15:EB,g152
A040,26,SEC:BET:S15_S16:EB,g152
A023,26,PLAT:ALP:S03:WB,g153
A023,26,PLAT:ALP:S04:WB,g153
A023,26,SEC:ALP:S03_S04:WB,g153
A051,26,PLAT:BET:S17:WB,g154
A051,26,PLAT:BET:S18:WB,g154
A051,26,SEC:BET:S17_S18:WB,g154
A043,27,PLAT:BET:H02:EB,g155
A043,27,PLAT:BET:S15:EB,g155
A043,27,PLAT:BET:S16:EB,g155
A043,27,PLAT:BET:S17:EB,g155
A043,27,SEC:BET:H02_S15:EB,g155
A043,27,SEC:BET:S15_S16:EB,g155
A043,27,SEC:BET:S16_S17:EB,g155
A023,27,PLAT:ALP:S03:WB,g156
A023,27,PLAT:ALP:S04:WB,g156
A023,27,SEC:ALP:S03_S04:WB,g156
A036,27,PLAT:BET:H01:EB,g157
A036,27,PLAT:BET:S14:EB,g157
A036,27,SEC:BET:S14_H01:EB,g157
A051,27,PLAT:BET:S17:WB,g158
A051,27,PLAT:BET:S18:WB,g158
A051,27,SEC:BET:S17_S18:WB,g158
A043,28,PLAT:BET:H02:EB,g159
A043,28,PLAT:BET:S15:EB,g159
A043,28,PLAT:BET:S16:EB,g159
A043,28,PLAT:BET:S17:EB,g159
A043,28,SEC:BET:H02_S15:EB,g159
A043,28,SEC:BET:S15_S16:EB,g159
A043,28,SEC:BET:S16_S17:EB,g159
A036,28,PLAT:BET:H01:EB,g160
A036,28,PLAT:BET:S14:EB,g160
A036,28,SEC:BET:S14_H01:EB,g160
A073,29,PLAT:BET:H01:EB,g161
A073,29,PLAT:BET:H02:EB,g161
A073,29,PLAT:BET:S15:EB,g161
A073,29,SEC:BET:H01_H02:EB,g161
A073,29,SEC:BET:H02_S15:EB,g161
A060,30,PLAT:BET:H02:EB,g162
A060,30,PLAT:BET:S15:EB,g162
A060,30,PLAT:BET:S16:EB,g162
A060,30,SEC:BET:H02_S15:EB,g162
A060,30,SEC:BET:S15_S16:EB,g162
A036,30,PLAT:BET:H01:EB,g163
A036,30,PLAT:BET:S14:EB,g163
A036,30,SEC:BET:S14_H01:EB,g163
